create database QuanLyGiaiBong

use QuanLyGiaiBong
CREATE TABLE QUOCTICH (
MAQUOCTICH VARCHAR(10) PRIMARY KEY NOT NULL,
TENQUOCTICH NVARCHAR(50) NOT NULL
);

CREATE TABLE CAUTHU (
MACAUTHU VARCHAR(10) PRIMARY KEY NOT NULL,
MADOI VARCHAR(10) NOT NULL,
MAQUOCTICH VARCHAR(10) NOT NULL,
TEN NVARCHAR(100) NOT NULL,
VITRICHOI NVARCHAR(50) NOT NULL,
NGAYSINH DATE NOT NULL,
SOAO INT NOT NULL,
SOBANTHANG INT,
SOTHEVANG INT,
SOTHEDO INT,
SOLANRASAN INT,
ANH VARCHAR(100));


CREATE TABLE TRANDAU (
MATRANDAU VARCHAR(10) PRIMARY KEY NOT NULL,
MADOINHA VARCHAR(10) NOT NULL,
MADOIKHACH VARCHAR(10) NOT NULL,
LUOTDAU NVARCHAR(10),
VONGDAU	NVARCHAR(20),
SOBANTHANGDOINHA INT,
SOBANTHANGDOIKHACH INT,
SOTHEVANGDOINHA INT,
SOTHEDODOINHA INT,
SOTHEVANGDOIKHACH INT,
SOTHEDODOIKHACH INT,
GHICHU NVARCHAR(500)
);

CREATE TABLE TRANDAU_BANTHANG (
MACAUTHU VARCHAR(10),
MATRANDAU VARCHAR(10),
THOIGIAN TIME,
GHICHU NVARCHAR(200));


CREATE TABLE TRANDAU_THE (
MACAUTHU VARCHAR(10),
MATRANDAU VARCHAR(10),
THOIGIAN TIME,
LOAITHE VARCHAR(20),
GHICHU NVARCHAR(200));


CREATE TABLE SANBONG (
MASAN VARCHAR(10) PRIMARY KEY NOT NULL,
TENSAN NVARCHAR(100),
DIACHI NVARCHAR(200),
SOGHE INT
);

CREATE TABLE TINH (
MATINH VARCHAR(10) PRIMARY KEY NOT NULL,
TENTINH NVARCHAR(50) NOT NULL
);

CREATE TABLE DOIBONG (
MADOI VARCHAR(10) PRIMARY KEY NOT NULL,
MASAN VARCHAR(10) NOT NULL,
MATINH VARCHAR(10) NOT NULL,
TENDOI NVARCHAR(100) NOT NULL,
HLV NVARCHAR(100) NOT NULL,
LOGO VARCHAR(100),
SODIEM INT,
SOBANTHANG INT,
SOBANTHUA INT,
SOLUONGCAUTHU INT);


CREATE TABLE TRANDAU_CAUTHU (
MATRANDAU VARCHAR(10) NOT NULL,
MADOI VARCHAR(10),
MACAUTHU VARCHAR(10),
VITRIDA VARCHAR(20));

ALTER TABLE CAUTHU  WITH CHECK ADD  CONSTRAINT FK_CAUTHU_DOIBONG FOREIGN KEY(MADOI)
REFERENCES DOIBONG (MADOI)
GO
ALTER TABLE CAUTHU CHECK CONSTRAINT FK_CAUTHU_DOIBONG

ALTER TABLE CAUTHU  WITH CHECK ADD  CONSTRAINT FK_CAUTHU_QUOCTICH FOREIGN KEY(MAQUOCTICH)
REFERENCES QUOCTICH (MAQUOCTICH)
GO
ALTER TABLE CAUTHU CHECK CONSTRAINT FK_CAUTHU_QUOCTICH

ALTER TABLE TRANDAU_BANTHANG  WITH CHECK ADD  CONSTRAINT FK_TRANDAU_BANTHANG_CAUTHU FOREIGN KEY(MACAUTHU)
REFERENCES CAUTHU(MACAUTHU)
GO
ALTER TABLE TRANDAU_BANTHANG CHECK CONSTRAINT FK_TRANDAU_BANTHANG_CAUTHU

ALTER TABLE TRANDAU_BANTHANG  WITH CHECK ADD  CONSTRAINT FK_TRANDAU_BANTHANG_TRANDAU FOREIGN KEY(MATRANDAU)
REFERENCES TRANDAU(MATRANDAU)
GO
ALTER TABLE TRANDAU_BANTHANG CHECK CONSTRAINT FK_TRANDAU_BANTHANG_TRANDAU

ALTER TABLE TRANDAU_THE  WITH CHECK ADD  CONSTRAINT FK_TRANDAU_THE_CAUTHU FOREIGN KEY(MACAUTHU)
REFERENCES CAUTHU(MACAUTHU)
GO
ALTER TABLE TRANDAU_THE CHECK CONSTRAINT FK_TRANDAU_THE_CAUTHU

ALTER TABLE TRANDAU_THE  WITH CHECK ADD  CONSTRAINT FK_TRANDAU_THE_TRANDAU FOREIGN KEY(MATRANDAU)
REFERENCES TRANDAU(MATRANDAU)
GO
ALTER TABLE TRANDAU_THE CHECK CONSTRAINT FK_TRANDAU_THE_TRANDAU

ALTER TABLE DOIBONG  WITH CHECK ADD  CONSTRAINT FK_DOIBONG_SANBONG FOREIGN KEY(MASAN)
REFERENCES SANBONG(MASAN)
GO
ALTER TABLE DOIBONG CHECK CONSTRAINT FK_DOIBONG_SANBONG

ALTER TABLE DOIBONG  WITH CHECK ADD  CONSTRAINT FK_DOIBONG_TINH FOREIGN KEY(MATINH)
REFERENCES TINH(MATINH)
GO
ALTER TABLE DOIBONG CHECK CONSTRAINT FK_DOIBONG_TINH

ALTER TABLE TRANDAU_CAUTHU  WITH CHECK ADD  CONSTRAINT FK_TRANDAU_CAUTHU_TRANDAU FOREIGN KEY(MATRANDAU)
REFERENCES TRANDAU(MATRANDAU)
GO
ALTER TABLE TRANDAU_CAUTHU CHECK CONSTRAINT FK_TRANDAU_CAUTHU_TRANDAU

ALTER TABLE TRANDAU_CAUTHU  WITH CHECK ADD  CONSTRAINT FK_TRANDAU_CAUTHU_DOIBONG FOREIGN KEY(MADOI)
REFERENCES DOIBONG(MADOI)
GO
ALTER TABLE TRANDAU_CAUTHU CHECK CONSTRAINT FK_TRANDAU_CAUTHU_DOIBONG

ALTER TABLE TRANDAU_CAUTHU  WITH CHECK ADD  CONSTRAINT FK_TRANDAU_CAUTHU_CAUTHU FOREIGN KEY(MACAUTHU)
REFERENCES CAUTHU(MACAUTHU)
GO
ALTER TABLE TRANDAU_CAUTHU CHECK CONSTRAINT FK_TRANDAU_CAUTHU_CAUTHU

create or alter trigger SobanCT on TRANDAU_BANTHANG
after insert,update
as
begin
if trigger_nestlevel() > 1 return
declare @macauthu nvarchar(20),@matrandau nvarchar(20),@madoi nvarchar(20),@madnha nvarchar(20),@madkhach nvarchar(20)
select @macauthu = MACAUTHU,@matrandau = MATRANDAU from inserted
select @madoi = MADOI from CAUTHU where MACAUTHU = @macauthu
select @madnha =MADOINHA,@madkhach = MADOIKHACH from TRANDAU where TRANDAU.MATRANDAU = @matrandau
update CAUTHU set SOBANTHANG = isnull(SOBANTHANG,0) + 1 where CAUTHU.MACAUTHU = @macauthu
if(@madoi = @madnha)
begin
update TRANDAU set SOBANTHANGDOINHA = isnull(SOBANTHANGDOINHA,0) + 1 where MATRANDAU = @matrandau
update DOIBONG set SOBANTHANG = isnull(SOBANTHANG,0) + 1 where MADOI = @madnha
update DOIBONG set SOBANTHUA = isnull(SOBANTHUA,0) + 1 where MADOI = @madkhach
end
else 
begin
if(@madoi = @madkhach)
begin
update TRANDAU set SOBANTHANGDOIKHACH = isnull(SOBANTHANGDOIKHACH,0) + 1 where MATRANDAU = @matrandau
update DOIBONG set SOBANTHANG = isnull(SOBANTHANG,0) + 1 where MADOI = @madkhach
update DOIBONG set SOBANTHUA = isnull(SOBANTHUA,0) + 1 where MADOI = @madnha
end
end
end

create or alter trigger SolanrasanCT on TRANDAU_CAUTHU
after insert,update
as
begin
if trigger_nestlevel() > 1 return
declare @macauthu nvarchar(10), @matrandau nvarchar(10)
select @matrandau = MATRANDAU, @macauthu = MACAUTHU from inserted
update CAUTHU set SOLANRASAN = isnull(SOLANRASAN,0) + 1 where MACAUTHU = @macauthu
end

create or alter trigger SLCT on CAUTHU
after insert,update
as
begin
if trigger_nestlevel() > 1 return
declare @madoi nvarchar(10),@mact nvarchar(10)
select @madoi = MADOI, @mact = MACAUTHU from inserted
update DOIBONG set SOLUONGCAUTHU = isnull(SOLUONGCAUTHU,0) + 1 where MADOI = @madoi
end

create or alter trigger SoTheCT on TRANDAU_THE 
after insert,update
as 
begin
if trigger_nestlevel() > 1 return
declare @matrandau nvarchar(10), @mact nvarchar(10), @the nvarchar(10),@madoi nvarchar(10),@madn nvarchar(10),@madk nvarchar(10)
select @matrandau = MATRANDAU, @mact = MACAUTHU, @the = LOAITHE from inserted 
select @madoi = MADOI from CAUTHU where MACAUTHU = @mact
select @madn = MADOINHA, @madk = MADOIKHACH from TRANDAU where MATRANDAU = @matrandau
if(@the = 'Vang')
begin
update CAUTHU set SOTHEVANG = isnull(SOTHEVANG,0) + 1 where MACAUTHU = @mact
update TRANDAU set SOTHEVANGDOINHA = isnull(SOTHEVANGDOINHA,0) + 1 where MATRANDAU = @matrandau and MADOINHA = @madoi
update TRANDAU set SOTHEVANGDOIKHACH = isnull(SOTHEVANGDOIKHACH,0) + 1 where MATRANDAU = @matrandau and MADOIKHACH = @madoi
end
if(@the = 'Do')
begin
update CAUTHU set SOTHEDO = isnull(SOTHEDO,0) + 1 where MACAUTHU = @mact
update TRANDAU set SOTHEDODOINHA = isnull(SOTHEDODOINHA,0) + 1 where MATRANDAU = @matrandau and MADOINHA = @madoi
update TRANDAU set SOTHEDODOIKHACH = isnull(SOTHEDODOIKHACH,0) + 1 where MATRANDAU = @matrandau and MADOIKHACH = @madoi
end
end

insert SANBONG(MASAN,TENSAN,DIACHI,SOGHE) values ('S01', N'Sân vận động Gò Đậu', N'Bình Dương', 20.000),
												 ('S02', N'Sân vận động Hàng Đẫy', N'Hà Nội', 25.000),
												 ('S03', N'Sân vận động Thanh Hóa', N'Thanh Hóa', 20.000),
												 ('S04', N'Sân vận động Mỹ Đình', N'Hà Nội', 40.000),
												 ('S05', N'Sân vận động Lạch Tray', N'Hải Phòng', 20.000),
												 ('S06', N'Sân vận động Pleiku', N'Gia Lai', 20.000);
insert TINH(MATINH,TENTINH) values ('BD',N'Bình Dương'),
								   ('HN',N'Hà Nội'),
								   ('TH',N'Thanh Hóa'),
								   ('HP',N'Hải Phòng'),
								   ('GL',N'Gia Lai');
insert QUOCTICH(MAQUOCTICH,TENQUOCTICH) values ('VN',N'Việt Nam'),
											   ('BR',N'Brazil'),
											   ('CZE',N'CH Czech')
insert DOIBONG(MADOI,MASAN,MATINH,TENDOI,HLV,LOGO,SODIEM,SOBANTHANG,SOBANTHUA,SOLUONGCAUTHU) values ('BBD', 'S01', 'BD', N'Becamex Bình Dương', N'Lê Huỳnh Đức','binh-duong-2021.png',0,0,0,0),
																									('CAHN', 'S02', 'HN', N'Công An Hà Nội', N'Trần Tiến Đại','cong-an-ha-noi-fc.png',0,0,0,0),
																									('DATH', 'S03', 'TH', N'Đông Á Thanh Hóa', N'Popov Velizar Emilov','Logo-CLB-Dong-A-Thanh-Hoa_chuan-300x249.png',0,0,0,0),
																									('HNFC', 'S04', 'HN', N'Hà Nội', N'Đinh Thế Nam','HNFC-6-sao-300x300.png',0,0,0,0),
																									('HPFC', 'S05', 'HP', N'Hải Phòng', N'Chu Đình Nghiêm','haiphongfc-300x291.jpg',0,0,0,0),
																									('HAGL', 'S06', 'GL', N'Hoàng Anh Gia Lai', N'Kiatisuk Senamuang','HAGL.jpg',0,0,0,0)
insert CAUTHU(MACAUTHU,MADOI,MAQUOCTICH,TEN,VITRICHOI,NGAYSINH,SOAO,SOBANTHANG,SOTHEVANG,SOTHEDO,SOLANRASAN,ANH) values ('BBD01','BBD','VN',N'Quế Ngọc Hải',N'Hậu vệ','1993-05-15',3,0,0,0,0,'BDFC_3_QueNgocHai_VN001612-150x150.jpg')
insert CAUTHU(MACAUTHU,MADOI,MAQUOCTICH,TEN,VITRICHOI,NGAYSINH,SOAO,SOBANTHANG,SOTHEVANG,SOTHEDO,SOLANRASAN,ANH) values('BBD02','BBD','BR',N'Janclesio Almeida Santos',N'Hậu vệ','1993-04-22',4,0,0,0,0,'BDFC_4_AlmeidaSantosJanclesio_BR001613-150x150.jpg')
insert CAUTHU(MACAUTHU,MADOI,MAQUOCTICH,TEN,VITRICHOI,NGAYSINH,SOAO,SOBANTHANG,SOTHEVANG,SOTHEDO,SOLANRASAN,ANH) values('BBD03','BBD','CZE',N'Ryan Ha',N'Tiền đạo','1997-08-24',7,0,0,0,0,'BDFC_7_RyanHa_FR001618-150x150.jpg')
insert CAUTHU(MACAUTHU,MADOI,MAQUOCTICH,TEN,VITRICHOI,NGAYSINH,SOAO,SOBANTHANG,SOTHEVANG,SOTHEDO,SOLANRASAN,ANH) values('BBD04','BBD','BR',N'Ibara Doniama Prince Vinny',N'Tiền đạo','1996-02-07',9,0,0,0,0,'BDFC_9_IbaraDoniamaPrinceVinny_CG001621-150x150.jpg')
insert CAUTHU(MACAUTHU,MADOI,MAQUOCTICH,TEN,VITRICHOI,NGAYSINH,SOAO,SOBANTHANG,SOTHEVANG,SOTHEDO,SOLANRASAN,ANH) values('BBD05','BBD','VN',N'Bùi Vĩ Hào',N'Tiền đạo','2003-02-24',11,0,0,0,0,'BDFC_11_BuiViHao_VN0001113-150x150.jpg')
insert CAUTHU(MACAUTHU,MADOI,MAQUOCTICH,TEN,VITRICHOI,NGAYSINH,SOAO,SOBANTHANG,SOTHEVANG,SOTHEDO,SOLANRASAN,ANH) values('BBD06','BBD','VN',N'Nguyễn Hải Huy',N'Tiền vệ','1991-06-18',14,0,0,0,0,'BDFC_14_NguyenHaiHuy_VN001624-150x150.jpg')
insert CAUTHU(MACAUTHU,MADOI,MAQUOCTICH,TEN,VITRICHOI,NGAYSINH,SOAO,SOBANTHANG,SOTHEVANG,SOTHEDO,SOLANRASAN,ANH) values('BBD07','BBD','VN',N'Nguyễn Trần Việt Cường',N'Tiền vệ','2000-12-27',16,0,0,0,0,'BDFC_16_NguyenTranVietCuong_VN0001116-150x150.jpg')
insert CAUTHU(MACAUTHU,MADOI,MAQUOCTICH,TEN,VITRICHOI,NGAYSINH,SOAO,SOBANTHANG,SOTHEVANG,SOTHEDO,SOLANRASAN,ANH) values('BBD08','BBD','VN',N'Hà Trung Hậu',N'Hậu vệ','2002-10-03',18,0,0,0,0,'BDFC_18_HaTrungHau_VN001625-150x150.jpg')
insert CAUTHU(MACAUTHU,MADOI,MAQUOCTICH,TEN,VITRICHOI,NGAYSINH,SOAO,SOBANTHANG,SOTHEVANG,SOTHEDO,SOLANRASAN,ANH) values('BBD09','BBD','VN',N'Trần Đình Khương',N'Tiền vệ','1996-01-10',21,0,0,0,0,'BDFC_21_TranDinhKhuong_VN0001117-150x150.jpg')
insert CAUTHU(MACAUTHU,MADOI,MAQUOCTICH,TEN,VITRICHOI,NGAYSINH,SOAO,SOBANTHANG,SOTHEVANG,SOTHEDO,SOLANRASAN,ANH) values('BBD10','BBD','VN',N'Nguyễn Tiến Linh',N'Tiền đạo','1997-10-20',22,0,0,0,0,'BDFC_22_NguyenTienLinh_VN001627-150x150.jpg')
insert CAUTHU(MACAUTHU,MADOI,MAQUOCTICH,TEN,VITRICHOI,NGAYSINH,SOAO,SOBANTHANG,SOTHEVANG,SOTHEDO,SOLANRASAN,ANH) values('BBD11','BBD','VN',N'Nguyễn Văn Đô',N'Tiền vệ','1998-07-11',28,0,0,0,0,'BDFC_28_NguyenVanDo_VN001632-150x150.jpg')
insert CAUTHU(MACAUTHU,MADOI,MAQUOCTICH,TEN,VITRICHOI,NGAYSINH,SOAO,SOBANTHANG,SOTHEVANG,SOTHEDO,SOLANRASAN,ANH) values('CAHN01','CAHN','CZE',N'Filip Nguyen',N'Thủ môn','1992-09-14',1,0,0,0,0,'CAHN_1_FilipNguyen_VN001885-150x150.jpg')
insert CAUTHU(MACAUTHU,MADOI,MAQUOCTICH,TEN,VITRICHOI,NGAYSINH,SOAO,SOBANTHANG,SOTHEVANG,SOTHEDO,SOLANRASAN,ANH) values('CAHN02','CAHN','VN',N'Huỳnh Tấn Sinh',N'Hậu vệ','1998-04-06',3,0,0,0,0,'CAHN_3_HuynhTanSinh_VN001888-150x150.jpg')
insert CAUTHU(MACAUTHU,MADOI,MAQUOCTICH,TEN,VITRICHOI,NGAYSINH,SOAO,SOBANTHANG,SOTHEVANG,SOTHEDO,SOLANRASAN,ANH) values('CAHN03','CAHN','VN',N'Hồ Tấn Tài',N'Hậu vệ','1997-11-06',4,0,0,0,0,'CAHN_4_HoTanTai_VN001890-150x150.jpg')
insert CAUTHU(MACAUTHU,MADOI,MAQUOCTICH,TEN,VITRICHOI,NGAYSINH,SOAO,SOBANTHANG,SOTHEVANG,SOTHEDO,SOLANRASAN,ANH) values('CAHN04','CAHN','VN',N'Đoàn Văn Hậu',N'Hậu vệ','1999-04-19',5,0,0,0,0,'CAHN_5_DoanVanHau_VN001891-150x150.jpg')
insert CAUTHU(MACAUTHU,MADOI,MAQUOCTICH,TEN,VITRICHOI,NGAYSINH,SOAO,SOBANTHANG,SOTHEVANG,SOTHEDO,SOLANRASAN,ANH) values('CAHN05','CAHN','VN',N'Nguyễn Xuân Nam',N'Tiền đạo','1994-01-18',7,0,0,0,0,'CAHN_7_NguyenXuanNam_VN001895-150x150.jpg')
insert CAUTHU(MACAUTHU,MADOI,MAQUOCTICH,TEN,VITRICHOI,NGAYSINH,SOAO,SOBANTHANG,SOTHEVANG,SOTHEDO,SOLANRASAN,ANH) values('CAHN06','CAHN','BR',N'Fialho De Aquino Junior Janio',N'Tiền đạo','1998-04-06',8,0,0,0,0,'CAHN_8_FialhoDeAquinoJuniorJanio_VN001897-150x150.jpg')
insert CAUTHU(MACAUTHU,MADOI,MAQUOCTICH,TEN,VITRICHOI,NGAYSINH,SOAO,SOBANTHANG,SOTHEVANG,SOTHEDO,SOLANRASAN,ANH) values('CAHN07','CAHN','VN',N'Lê Phạm Thành Long',N'Tiền vệ','1996-06-05',11,0,0,0,0,'CAHN_11_LePhamThanhLong_VN001901-150x150.jpg')
insert CAUTHU(MACAUTHU,MADOI,MAQUOCTICH,TEN,VITRICHOI,NGAYSINH,SOAO,SOBANTHANG,SOTHEVANG,SOTHEDO,SOLANRASAN,ANH) values('CAHN08','CAHN','VN',N'Hoàng Văn Toản',N'Tiền vệ','2001-04-01',12,0,0,0,0,'CAHN_12_HoangVanToan_VN001902-150x150.jpg')
insert CAUTHU(MACAUTHU,MADOI,MAQUOCTICH,TEN,VITRICHOI,NGAYSINH,SOAO,SOBANTHANG,SOTHEVANG,SOTHEDO,SOLANRASAN,ANH) values('CAHN09','CAHN','VN',N'Bùi Tiến Dụng',N'Hậu vệ','1998-11-23',16,0,0,0,0,'CAHN_16_BuiTienDung_VN001904-150x150.jpg')
insert CAUTHU(MACAUTHU,MADOI,MAQUOCTICH,TEN,VITRICHOI,NGAYSINH,SOAO,SOBANTHANG,SOTHEVANG,SOTHEDO,SOLANRASAN,ANH) values('CAHN10','CAHN','VN',N'Vũ Văn Thanh',N'Hậu vệ','1996-04-14',17,0,0,0,0,'CAHN_17_VuVanThanh_VN001905-150x150.jpg')
insert CAUTHU(MACAUTHU,MADOI,MAQUOCTICH,TEN,VITRICHOI,NGAYSINH,SOAO,SOBANTHANG,SOTHEVANG,SOTHEDO,SOLANRASAN,ANH) values('CAHN11','CAHN','VN',N'Nguyễn Quang Hải',N'Tiền vệ','1997-04-12',19,0,0,0,0,'CAHN_19_NguyenQuangHai_VN001907-150x150.jpg')

insert TRANDAU(MATRANDAU,MADOINHA,MADOIKHACH,LUOTDAU,VONGDAU,SOBANTHANGDOINHA,SOBANTHANGDOIKHACH,SOTHEVANGDOINHA,SOTHEDODOINHA,SOTHEVANGDOIKHACH,SOTHEDODOIKHACH,GHICHU) values ('T001','BBD','CAHN',N'Lượt đi',N'Vòng 1',0,0,0,0,0,0,null)

insert TRANDAU_CAUTHU (MATRANDAU,MADOI,MACAUTHU,VITRIDA) values('T001','BBD','BBD01',N'Hậu vệ')
insert TRANDAU_CAUTHU (MATRANDAU,MADOI,MACAUTHU,VITRIDA) values('T001','BBD','BBD02',N'Hậu vệ')
insert TRANDAU_CAUTHU (MATRANDAU,MADOI,MACAUTHU,VITRIDA) values('T001','BBD','BBD03',N'Tiền đạo')
insert TRANDAU_CAUTHU (MATRANDAU,MADOI,MACAUTHU,VITRIDA) values('T001','BBD','BBD04',N'Tiền đạo')
insert TRANDAU_CAUTHU (MATRANDAU,MADOI,MACAUTHU,VITRIDA) values('T001','BBD','BBD05',N'Tiền đạo')
insert TRANDAU_CAUTHU (MATRANDAU,MADOI,MACAUTHU,VITRIDA) values('T001','BBD','BBD06',N'Tiền vệ')
insert TRANDAU_CAUTHU (MATRANDAU,MADOI,MACAUTHU,VITRIDA) values('T001','BBD','BBD07',N'Tiền vệ')
insert TRANDAU_CAUTHU (MATRANDAU,MADOI,MACAUTHU,VITRIDA) values('T001','BBD','BBD08',N'Hậu vệ')
insert TRANDAU_CAUTHU (MATRANDAU,MADOI,MACAUTHU,VITRIDA) values('T001','BBD','BBD09',N'Tiền vệ')
insert TRANDAU_CAUTHU (MATRANDAU,MADOI,MACAUTHU,VITRIDA) values('T001','BBD','BBD10',N'Tiền đạo')
insert TRANDAU_CAUTHU (MATRANDAU,MADOI,MACAUTHU,VITRIDA) values('T001','BBD','BBD11',N'Tiền vệ')
insert TRANDAU_CAUTHU (MATRANDAU,MADOI,MACAUTHU,VITRIDA) values('T001','CAHN','CAHN01',N'Thủ môn')
insert TRANDAU_CAUTHU (MATRANDAU,MADOI,MACAUTHU,VITRIDA) values('T001','CAHN','CAHN02',N'Hậu vệ')
insert TRANDAU_CAUTHU (MATRANDAU,MADOI,MACAUTHU,VITRIDA) values('T001','CAHN','CAHN03',N'Hậu vệ')
insert TRANDAU_CAUTHU (MATRANDAU,MADOI,MACAUTHU,VITRIDA) values('T001','CAHN','CAHN04',N'Hậu vệ')
insert TRANDAU_CAUTHU (MATRANDAU,MADOI,MACAUTHU,VITRIDA) values('T001','CAHN','CAHN05',N'Tiền đạo')
insert TRANDAU_CAUTHU (MATRANDAU,MADOI,MACAUTHU,VITRIDA) values('T001','CAHN','CAHN06',N'Tiền đạo')
insert TRANDAU_CAUTHU (MATRANDAU,MADOI,MACAUTHU,VITRIDA) values('T001','CAHN','CAHN07',N'Tiền vệ')
insert TRANDAU_CAUTHU (MATRANDAU,MADOI,MACAUTHU,VITRIDA) values('T001','CAHN','CAHN08',N'Tiền vệ')
insert TRANDAU_CAUTHU (MATRANDAU,MADOI,MACAUTHU,VITRIDA) values('T001','CAHN','CAHN09',N'Hậu vệ')
insert TRANDAU_CAUTHU (MATRANDAU,MADOI,MACAUTHU,VITRIDA) values('T001','CAHN','CAHN10',N'Hậu vệ')
insert TRANDAU_CAUTHU (MATRANDAU,MADOI,MACAUTHU,VITRIDA) values('T001','CAHN','CAHN11',N'Tiền vệ')

insert TRANDAU_BANTHANG(MATRANDAU,MACAUTHU,THOIGIAN,GHICHU) values ('T001','BBD10','00:50:46',null)
insert TRANDAU_BANTHANG(MATRANDAU,MACAUTHU,THOIGIAN,GHICHU) values ('T001','BBD10','00:55:46',null)
insert TRANDAU_BANTHANG(MATRANDAU,MACAUTHU,THOIGIAN,GHICHU) values('T001','BBD07','01:00:46',null)
insert TRANDAU_BANTHANG(MATRANDAU,MACAUTHU,THOIGIAN,GHICHU) values('T001','CAHN05','01:20:46',null)

insert TRANDAU_THE(MATRANDAU,MACAUTHU,THOIGIAN,LOAITHE,GHICHU) values ('T001','BBD01','00:20:21','Vang',null)
insert TRANDAU_THE(MATRANDAU,MACAUTHU,THOIGIAN,LOAITHE,GHICHU) values ('T001','BBD02','00:25:21','Vang',null)
insert TRANDAU_THE(MATRANDAU,MACAUTHU,THOIGIAN,LOAITHE,GHICHU) values('T001','CAHN10','00:32:22','Do',null)

-- THEM VAO -----------------------------------------------------------------------------
insert CAUTHU(MACAUTHU,MADOI,MAQUOCTICH,TEN,VITRICHOI,NGAYSINH,SOAO,SOBANTHANG,SOTHEVANG,SOTHEDO,SOLANRASAN,ANH) values('DATH01','DATH','VN',N'Đinh Viết Tú',N'Hậu vệ','1992-08-16',18,0,0,0,0,'NDFC_VN0000653_DinhVietTu_2-1-150x150.jpg')
insert CAUTHU(MACAUTHU,MADOI,MAQUOCTICH,TEN,VITRICHOI,NGAYSINH,SOAO,SOBANTHANG,SOTHEVANG,SOTHEDO,SOLANRASAN,ANH) values('DATH02','DATH','VN',N'Võ Nguyên Hoàng',N'Hậu vệ','2002-02-07',8,0,0,0,0,'PHFC_10_VoNguyenHoang_VN0000556-150x150.jpg')
insert CAUTHU(MACAUTHU,MADOI,MAQUOCTICH,TEN,VITRICHOI,NGAYSINH,SOAO,SOBANTHANG,SOTHEVANG,SOTHEDO,SOLANRASAN,ANH) values('DATH03','DATH','VN',N'Nguyễn Văn Tùng',N'Tiền đạo','2002-03-07',9,0,0,0,0,'PHFC_20_NguyenVanTung_VN0000967-150x150.jpg')
insert CAUTHU(MACAUTHU,MADOI,MAQUOCTICH,TEN,VITRICHOI,NGAYSINH,SOAO,SOBANTHANG,SOTHEVANG,SOTHEDO,SOLANRASAN,ANH) values('DATH04','DATH','BR',N'Rimario Allando Gordon',N'Tiền đạo','1994-07-06',11,0,0,0,0,'THFC_11_RimarioAllandoGordon_VN001937-150x150.jpg')
insert CAUTHU(MACAUTHU,MADOI,MAQUOCTICH,TEN,VITRICHOI,NGAYSINH,SOAO,SOBANTHANG,SOTHEVANG,SOTHEDO,SOLANRASAN,ANH) values('DATH05','DATH','VN',N'Trương Thanh Nam',N'Tiền đạo','2003-02-14',14,0,0,0,0,'THFC_14_TruongThanhNam_VN0002270-150x150.jpg')
insert CAUTHU(MACAUTHU,MADOI,MAQUOCTICH,TEN,VITRICHOI,NGAYSINH,SOAO,SOBANTHANG,SOTHEVANG,SOTHEDO,SOLANRASAN,ANH) values('DATH06','DATH','VN',N'Đinh Tiến Thành',N'Tiền vệ','1991-06-18',16,0,0,0,0,'THFC_VN0000624_DinhTienThanh_16-150x150.jpg')
insert CAUTHU(MACAUTHU,MADOI,MAQUOCTICH,TEN,VITRICHOI,NGAYSINH,SOAO,SOBANTHANG,SOTHEVANG,SOTHEDO,SOLANRASAN,ANH) values('DATH07','DATH','VN',N'Hoàng Đình Tùng',N'Tiền vệ','2000-12-27',2,0,0,0,0,'THFC_VN0000626_HoangDinhTung_2-150x150.jpg')
insert CAUTHU(MACAUTHU,MADOI,MAQUOCTICH,TEN,VITRICHOI,NGAYSINH,SOAO,SOBANTHANG,SOTHEVANG,SOTHEDO,SOLANRASAN,ANH) values('DATH08','DATH','VN',N'Trịnh Văn Lợi',N'Hậu vệ','2002-10-03',15,0,0,0,0,'THFC_VN0000635_TrinhVanLoi_15-150x150.jpg')
insert CAUTHU(MACAUTHU,MADOI,MAQUOCTICH,TEN,VITRICHOI,NGAYSINH,SOAO,SOBANTHANG,SOTHEVANG,SOTHEDO,SOLANRASAN,ANH) values('DATH09','DATH','VN',N'Nguyễn Sỹ Nam',N'Tiền vệ','1996-01-10',6,0,0,0,0,'THFC_VN0002244_NguyenSyNam_6-150x150.jpg')
insert CAUTHU(MACAUTHU,MADOI,MAQUOCTICH,TEN,VITRICHOI,NGAYSINH,SOAO,SOBANTHANG,SOTHEVANG,SOTHEDO,SOLANRASAN,ANH) values('DATH10','DATH','VN',N'Lâm Ti Phông',N'Tiền đạo','1997-10-20',17,0,0,0,0,'THFC_VN0002251_LamTiPhong_17-150x150.jpg')
insert CAUTHU(MACAUTHU,MADOI,MAQUOCTICH,TEN,VITRICHOI,NGAYSINH,SOAO,SOBANTHANG,SOTHEVANG,SOTHEDO,SOLANRASAN,ANH) values('DATH11','DATH','VN',N'Vũ Hồng Quân',N'Tiền vệ','1998-07-11',22,0,0,0,0,'HBFC_99_VuHongQuan_VN0002263-150x150.jpg')

insert CAUTHU(MACAUTHU,MADOI,MAQUOCTICH,TEN,VITRICHOI,NGAYSINH,SOAO,SOBANTHANG,SOTHEVANG,SOTHEDO,SOLANRASAN,ANH) values('HNFC01','HNFC','VN',N'Phạm Xuân Mạnh',N'Hậu vệ','1992-08-16',18,0,0,0,0,'HNFC_7_PhamXuanManh_VN001651-150x150.jpg')
insert CAUTHU(MACAUTHU,MADOI,MAQUOCTICH,TEN,VITRICHOI,NGAYSINH,SOAO,SOBANTHANG,SOTHEVANG,SOTHEDO,SOLANRASAN,ANH) values('HNFC02','HNFC','VN',N'Đậu Văn Toàn',N'Hậu vệ','2002-02-07',8,0,0,0,0,'HNFC_8_DauVanToan_VN0000483-150x150.jpg')
insert CAUTHU(MACAUTHU,MADOI,MAQUOCTICH,TEN,VITRICHOI,NGAYSINH,SOAO,SOBANTHANG,SOTHEVANG,SOTHEDO,SOLANRASAN,ANH) values('HNFC03','HNFC','VN',N'Phạm Tuấn Hải',N'Tiền đạo','2002-03-07',9,0,0,0,0,'HNFC_9_PhamTuanHai_VN0000484-150x150.jpg')
insert CAUTHU(MACAUTHU,MADOI,MAQUOCTICH,TEN,VITRICHOI,NGAYSINH,SOAO,SOBANTHANG,SOTHEVANG,SOTHEDO,SOLANRASAN,ANH) values('HNFC04','HNFC','BR',N'Nguyễn Văn Quyết',N'Tiền đạo','1994-07-06',11,0,0,0,0,'HNFC_10_NguyenVanQuyet_VN0000485-150x150.jpg')
insert CAUTHU(MACAUTHU,MADOI,MAQUOCTICH,TEN,VITRICHOI,NGAYSINH,SOAO,SOBANTHANG,SOTHEVANG,SOTHEDO,SOLANRASAN,ANH) values('HNFC05','HNFC','CZE',N'Wilson Brandon James',N'Tiền đạo','1995-02-14',14,0,0,0,0,'HNFC_4_wilson_Bradon_Jame-150x150.jpg')
insert CAUTHU(MACAUTHU,MADOI,MAQUOCTICH,TEN,VITRICHOI,NGAYSINH,SOAO,SOBANTHANG,SOTHEVANG,SOTHEDO,SOLANRASAN,ANH) values('HNFC06','HNFC','VN',N'Nguyễn Hai Long',N'Tiền vệ','1991-06-18',16,0,0,0,0,'HNFC_14_NguyenHaiLong_VN0000488-150x150.jpg')
insert CAUTHU(MACAUTHU,MADOI,MAQUOCTICH,TEN,VITRICHOI,NGAYSINH,SOAO,SOBANTHANG,SOTHEVANG,SOTHEDO,SOLANRASAN,ANH) values('HNFC07','HNFC','VN',N'Nguyễn Văn Trường',N'Tiền vệ','2000-12-27',2,0,0,0,0,'HNFC_19_NguyenVanTruong_VN0001086-150x150.jpg')
insert CAUTHU(MACAUTHU,MADOI,MAQUOCTICH,TEN,VITRICHOI,NGAYSINH,SOAO,SOBANTHANG,SOTHEVANG,SOTHEDO,SOLANRASAN,ANH) values('HNFC08','HNFC','VN',N'Vũ Đình Hai',N'Hậu vệ','2002-10-03',15,0,0,0,0,'HNFC_21_VuDinhHai_VN0000710-1-150x150.jpg')
insert CAUTHU(MACAUTHU,MADOI,MAQUOCTICH,TEN,VITRICHOI,NGAYSINH,SOAO,SOBANTHANG,SOTHEVANG,SOTHEDO,SOLANRASAN,ANH) values('HNFC09','HNFC','VN',N'Đào Văn Nam',N'Tiền vệ','1996-01-10',6,0,0,0,0,'HNFC_26_DaoVanNam_VN0000220-150x150.jpg')
insert CAUTHU(MACAUTHU,MADOI,MAQUOCTICH,TEN,VITRICHOI,NGAYSINH,SOAO,SOBANTHANG,SOTHEVANG,SOTHEDO,SOLANRASAN,ANH) values('HNFC10','HNFC','VN',N'Vũ Tiến Long',N'Tiền đạo','1997-10-20',17,0,0,0,0,'HNFC_27_VuTienLong_VN001660-150x150.jpg')
insert CAUTHU(MACAUTHU,MADOI,MAQUOCTICH,TEN,VITRICHOI,NGAYSINH,SOAO,SOBANTHANG,SOTHEVANG,SOTHEDO,SOLANRASAN,ANH) values('HNFC11','HNFC','VN',N'Đỗ Hùng Dũng',N'Tiền vệ','1998-07-11',22,0,0,0,0,'HNFC_88_DoHungDung_VN0000507-150x150.jpg')

insert CAUTHU(MACAUTHU,MADOI,MAQUOCTICH,TEN,VITRICHOI,NGAYSINH,SOAO,SOBANTHANG,SOTHEVANG,SOTHEDO,SOLANRASAN,ANH) values('HPFC01','HPFC','VN',N'Nguyễn Anh Hùng',N'Hậu vệ','1992-08-16',18,0,0,0,0,'HPFC_2_NguyenAnhHung_VN0001249-150x150.jpg')
insert CAUTHU(MACAUTHU,MADOI,MAQUOCTICH,TEN,VITRICHOI,NGAYSINH,SOAO,SOBANTHANG,SOTHEVANG,SOTHEDO,SOLANRASAN,ANH) values('HPFC02','HPFC','CZE',N'Benjamin Patrick Van Meurs',N'Hậu vệ','2002-02-07',8,0,0,0,0,'HPFC_4_BenjaminPatrickVanMeurs_AU001671-150x150   .jpg')
insert CAUTHU(MACAUTHU,MADOI,MAQUOCTICH,TEN,VITRICHOI,NGAYSINH,SOAO,SOBANTHANG,SOTHEVANG,SOTHEDO,SOLANRASAN,ANH) values('HPFC03','HPFC','VN',N'Đặng Văn Tới',N'Tiền đạo','2002-03-07',9,0,0,0,0,'HPFC_5_DangVanToi_VN0000491-150x150.jpg')
insert CAUTHU(MACAUTHU,MADOI,MAQUOCTICH,TEN,VITRICHOI,NGAYSINH,SOAO,SOBANTHANG,SOTHEVANG,SOTHEDO,SOLANRASAN,ANH) values('HPFC04','HPFC','BR',N'Mpande Joseph Mbolimbo',N'Tiền đạo','1994-07-06',11,0,0,0,0,'HPFC_7_MpandeJosephMbolimbo_UG001676-150x150.jpg')
insert CAUTHU(MACAUTHU,MADOI,MAQUOCTICH,TEN,VITRICHOI,NGAYSINH,SOAO,SOBANTHANG,SOTHEVANG,SOTHEDO,SOLANRASAN,ANH) values('HPFC05','HPFC','VN',N'Martin Lo',N'Tiền đạo','2003-02-14',14,0,0,0,0,'HPFC_8_Martinlo_VN0001251-150x150.jpg')
insert CAUTHU(MACAUTHU,MADOI,MAQUOCTICH,TEN,VITRICHOI,NGAYSINH,SOAO,SOBANTHANG,SOTHEVANG,SOTHEDO,SOLANRASAN,ANH) values('HPFC06','HPFC','VN',N'Hồ Minh Dĩ',N'Tiền vệ','1991-06-18',16,0,0,0,0,'HPFC_11_HoMinhdi_VN0000740-150x150.jpg')
insert CAUTHU(MACAUTHU,MADOI,MAQUOCTICH,TEN,VITRICHOI,NGAYSINH,SOAO,SOBANTHANG,SOTHEVANG,SOTHEDO,SOLANRASAN,ANH) values('HPFC07','HPFC','VN',N'Nguyễn Văn Đạt',N'Tiền vệ','2000-12-27',2,0,0,0,0,'HPFC_VN0002241_NguyenVanDat_15-150x150.jpg')
insert CAUTHU(MACAUTHU,MADOI,MAQUOCTICH,TEN,VITRICHOI,NGAYSINH,SOAO,SOBANTHANG,SOTHEVANG,SOTHEDO,SOLANRASAN,ANH) values('HPFC08','HPFC','VN',N'Lê Mạnh Dũng',N'Hậu vệ','2002-10-03',15,0,0,0,0,'HPFC_VN0002242_LeManhDung_19-150x150.jpg')
insert CAUTHU(MACAUTHU,MADOI,MAQUOCTICH,TEN,VITRICHOI,NGAYSINH,SOAO,SOBANTHANG,SOTHEVANG,SOTHEDO,SOLANRASAN,ANH) values('HPFC09','HPFC','VN',N'Lương Xuân Trường',N'Tiền vệ','1996-01-10',6,0,0,0,0,'HPFC_VN0002248_LuongXuanTruong_8-150x150.jpg')
insert CAUTHU(MACAUTHU,MADOI,MAQUOCTICH,TEN,VITRICHOI,NGAYSINH,SOAO,SOBANTHANG,SOTHEVANG,SOTHEDO,SOLANRASAN,ANH) values('HPFC10','HPFC','VN',N'Phạm Mạnh Hùng',N'Tiền đạo','1997-10-20',17,0,0,0,0,'HPFC_VN0002258_PhamManhHung_3-150x150.jpg')
insert CAUTHU(MACAUTHU,MADOI,MAQUOCTICH,TEN,VITRICHOI,NGAYSINH,SOAO,SOBANTHANG,SOTHEVANG,SOTHEDO,SOLANRASAN,ANH) values('HPFC11','HPFC','VN',N'Triệu Việt Hưng',N'Tiền vệ','1998-07-11',22,0,0,0,0,'HPFC_97_TrieuVietHung_VN0000287-150x150.jpg')

insert CAUTHU(MACAUTHU,MADOI,MAQUOCTICH,TEN,VITRICHOI,NGAYSINH,SOAO,SOBANTHANG,SOTHEVANG,SOTHEDO,SOLANRASAN,ANH) values('HAGL01','HAGL','VN',N'Nguyễn Hữu Anh Tài',N'Hậu vệ','1992-08-16',18,0,0,0,0,'HAGL_5_NguyenHuuAnhTai_VN001689-150x150.jpg')
insert CAUTHU(MACAUTHU,MADOI,MAQUOCTICH,TEN,VITRICHOI,NGAYSINH,SOAO,SOBANTHANG,SOTHEVANG,SOTHEDO,SOLANRASAN,ANH) values('HAGL02','HAGL','VN',N'Trần Thanh Sơn',N'Hậu vệ','2002-02-07',8,0,0,0,0,'HAGL_6_TranThanhson_VN001691-150x150.jpg')
insert CAUTHU(MACAUTHU,MADOI,MAQUOCTICH,TEN,VITRICHOI,NGAYSINH,SOAO,SOBANTHANG,SOTHEVANG,SOTHEDO,SOLANRASAN,ANH) values('HAGL03','HAGL','VN',N'Châu Ngọc Quang',N'Tiền đạo','2002-03-07',9,0,0,0,0,'HAGL_8_ChauNgocQuang_VN001695-150x150.jpg')
insert CAUTHU(MACAUTHU,MADOI,MAQUOCTICH,TEN,VITRICHOI,NGAYSINH,SOAO,SOBANTHANG,SOTHEVANG,SOTHEDO,SOLANRASAN,ANH) values('HAGL04','HAGL','VN',N'Đinh Thanh Bình',N'Tiền đạo','1994-07-06',11,0,0,0,0,'HAGL_9_DinhThanhBinh_VN0001155-150x150.jpg')
insert CAUTHU(MACAUTHU,MADOI,MAQUOCTICH,TEN,VITRICHOI,NGAYSINH,SOAO,SOBANTHANG,SOTHEVANG,SOTHEDO,SOLANRASAN,ANH) values('HAGL05','HAGL','VN',N'Trần Minh Vương',N'Tiền đạo','2003-02-14',14,0,0,0,0,'HAGL_10_TranMinhVuong_VN0001154-150x150.jpg')
insert CAUTHU(MACAUTHU,MADOI,MAQUOCTICH,TEN,VITRICHOI,NGAYSINH,SOAO,SOBANTHANG,SOTHEVANG,SOTHEDO,SOLANRASAN,ANH) values('HAGL06','HAGL','VN',N'Nguyễn Thanh Nhân',N'Tiền vệ','1991-06-18',16,0,0,0,0,'HAGL_15_NguyenThanhNhan_VN0001160-150x150.jpg')
insert CAUTHU(MACAUTHU,MADOI,MAQUOCTICH,TEN,VITRICHOI,NGAYSINH,SOAO,SOBANTHANG,SOTHEVANG,SOTHEDO,SOLANRASAN,ANH) values('HAGL07','HAGL','VN',N'Lê Hữu Phước',N'Tiền vệ','2000-12-27',2,0,0,0,0,'HAGL_18_LeHuuPhuoc_VN0001166-150x150.jpg')
insert CAUTHU(MACAUTHU,MADOI,MAQUOCTICH,TEN,VITRICHOI,NGAYSINH,SOAO,SOBANTHANG,SOTHEVANG,SOTHEDO,SOLANRASAN,ANH) values('HAGL08','HAGL','VN',N'Nguyễn Quốc Việt',N'Hậu vệ','2002-10-03',15,0,0,0,0,'HAGL_19_NguyenQuocViet-150x150.jpg')
insert CAUTHU(MACAUTHU,MADOI,MAQUOCTICH,TEN,VITRICHOI,NGAYSINH,SOAO,SOBANTHANG,SOTHEVANG,SOTHEDO,SOLANRASAN,ANH) values('HAGL09','HAGL','VN',N'Nguyễn Văn Triệu',N'Tiền vệ','1996-01-10',6,0,0,0,0,'HAGL_21_NguyenVanTrieu_VN0001163-150x150.jpg')
insert CAUTHU(MACAUTHU,MADOI,MAQUOCTICH,TEN,VITRICHOI,NGAYSINH,SOAO,SOBANTHANG,SOTHEVANG,SOTHEDO,SOLANRASAN,ANH) values('HAGL10','HAGL','VN',N'Nguyễn Đức Việt',N'Tiền đạo','1997-10-20',17,0,0,0,0,'HAGL_24_NguyenDucViet_VN001697-150x150.jpg')
insert CAUTHU(MACAUTHU,MADOI,MAQUOCTICH,TEN,VITRICHOI,NGAYSINH,SOAO,SOBANTHANG,SOTHEVANG,SOTHEDO,SOLANRASAN,ANH) values('HAGL11','HAGL','VN',N'Trần Trung Kiên',N'Tiền vệ','1998-07-11',22,0,0,0,0,'HAGL_25_TranTrungKien_VN0000782-150x150')


insert TRANDAU(MATRANDAU,MADOINHA,MADOIKHACH,LUOTDAU,VONGDAU,SOBANTHANGDOINHA,SOBANTHANGDOIKHACH,SOTHEVANGDOINHA,SOTHEDODOINHA,SOTHEVANGDOIKHACH,SOTHEDODOIKHACH,GHICHU) values ('T002','CAHN','DATH',N'Lượt đi',N'Vòng 1',0,0,0,0,0,0,null)
insert TRANDAU(MATRANDAU,MADOINHA,MADOIKHACH,LUOTDAU,VONGDAU,SOBANTHANGDOINHA,SOBANTHANGDOIKHACH,SOTHEVANGDOINHA,SOTHEDODOINHA,SOTHEVANGDOIKHACH,SOTHEDODOIKHACH,GHICHU) values ('T003','DATH','HNFC',N'Lượt về',N'Vòng 2',0,0,0,0,0,0,null)
insert TRANDAU(MATRANDAU,MADOINHA,MADOIKHACH,LUOTDAU,VONGDAU,SOBANTHANGDOINHA,SOBANTHANGDOIKHACH,SOTHEVANGDOINHA,SOTHEDODOINHA,SOTHEVANGDOIKHACH,SOTHEDODOIKHACH,GHICHU) values ('T004','HNFC','HPFC',N'Lượt đi',N'Vòng 3',0,0,0,0,0,0,null)
insert TRANDAU(MATRANDAU,MADOINHA,MADOIKHACH,LUOTDAU,VONGDAU,SOBANTHANGDOINHA,SOBANTHANGDOIKHACH,SOTHEVANGDOINHA,SOTHEDODOINHA,SOTHEVANGDOIKHACH,SOTHEDODOIKHACH,GHICHU) values ('T005','HPFC','HAGL',N'Lượt về',N'Vòng 1',0,0,0,0,0,0,null)
insert TRANDAU(MATRANDAU,MADOINHA,MADOIKHACH,LUOTDAU,VONGDAU,SOBANTHANGDOINHA,SOBANTHANGDOIKHACH,SOTHEVANGDOINHA,SOTHEDODOINHA,SOTHEVANGDOIKHACH,SOTHEDODOIKHACH,GHICHU) values ('T006','HAGL','BBD',N'Lượt đi',N'Vòng 2',0,0,0,0,0,0,null)

insert TRANDAU_CAUTHU (MATRANDAU,MADOI,MACAUTHU,VITRIDA) values('T002','CAHN','CAHN01',N'Thủ môn')
insert TRANDAU_CAUTHU (MATRANDAU,MADOI,MACAUTHU,VITRIDA) values('T002','CAHN','CAHN02',N'Hậu vệ')
insert TRANDAU_CAUTHU (MATRANDAU,MADOI,MACAUTHU,VITRIDA) values('T002','CAHN','CAHN03',N'Hậu vệ')
insert TRANDAU_CAUTHU (MATRANDAU,MADOI,MACAUTHU,VITRIDA) values('T002','CAHN','CAHN04',N'Hậu vệ')
insert TRANDAU_CAUTHU (MATRANDAU,MADOI,MACAUTHU,VITRIDA) values('T002','CAHN','CAHN05',N'Tiền đạo')
insert TRANDAU_CAUTHU (MATRANDAU,MADOI,MACAUTHU,VITRIDA) values('T002','CAHN','CAHN06',N'Tiền đạo')
insert TRANDAU_CAUTHU (MATRANDAU,MADOI,MACAUTHU,VITRIDA) values('T002','CAHN','CAHN07',N'Tiền vệ')
insert TRANDAU_CAUTHU (MATRANDAU,MADOI,MACAUTHU,VITRIDA) values('T002','CAHN','CAHN08',N'Tiền vệ')
insert TRANDAU_CAUTHU (MATRANDAU,MADOI,MACAUTHU,VITRIDA) values('T002','CAHN','CAHN09',N'Hậu vệ')
insert TRANDAU_CAUTHU (MATRANDAU,MADOI,MACAUTHU,VITRIDA) values('T002','CAHN','CAHN10',N'Hậu vệ')
insert TRANDAU_CAUTHU (MATRANDAU,MADOI,MACAUTHU,VITRIDA) values('T002','CAHN','CAHN11',N'Tiền vệ')

insert TRANDAU_CAUTHU (MATRANDAU,MADOI,MACAUTHU,VITRIDA) values('T002','DATH','DATH01',N'Hậu vệ')
insert TRANDAU_CAUTHU (MATRANDAU,MADOI,MACAUTHU,VITRIDA) values('T002','DATH','DATH02',N'Hậu vệ')
insert TRANDAU_CAUTHU (MATRANDAU,MADOI,MACAUTHU,VITRIDA) values('T002','DATH','DATH03',N'Tiền đạo')
insert TRANDAU_CAUTHU (MATRANDAU,MADOI,MACAUTHU,VITRIDA) values('T002','DATH','DATH04',N'Tiền đạo')
insert TRANDAU_CAUTHU (MATRANDAU,MADOI,MACAUTHU,VITRIDA) values('T002','DATH','DATH05',N'Tiền đạo')
insert TRANDAU_CAUTHU (MATRANDAU,MADOI,MACAUTHU,VITRIDA) values('T002','DATH','DATH06',N'Tiền vệ')
insert TRANDAU_CAUTHU (MATRANDAU,MADOI,MACAUTHU,VITRIDA) values('T002','DATH','DATH07',N'Tiền vệ')
insert TRANDAU_CAUTHU (MATRANDAU,MADOI,MACAUTHU,VITRIDA) values('T002','DATH','DATH08',N'Hậu vệ')
insert TRANDAU_CAUTHU (MATRANDAU,MADOI,MACAUTHU,VITRIDA) values('T002','DATH','DATH09',N'Tiền vệ')
insert TRANDAU_CAUTHU (MATRANDAU,MADOI,MACAUTHU,VITRIDA) values('T002','DATH','DATH10',N'Tiền đạo')
insert TRANDAU_CAUTHU (MATRANDAU,MADOI,MACAUTHU,VITRIDA) values('T002','DATH','DATH11',N'Tiền vệ')

insert TRANDAU_CAUTHU (MATRANDAU,MADOI,MACAUTHU,VITRIDA) values('T003','DATH','DATH01',N'Hậu vệ')
insert TRANDAU_CAUTHU (MATRANDAU,MADOI,MACAUTHU,VITRIDA) values('T003','DATH','DATH02',N'Hậu vệ')
insert TRANDAU_CAUTHU (MATRANDAU,MADOI,MACAUTHU,VITRIDA) values('T003','DATH','DATH03',N'Tiền đạo')
insert TRANDAU_CAUTHU (MATRANDAU,MADOI,MACAUTHU,VITRIDA) values('T003','DATH','DATH04',N'Tiền đạo')
insert TRANDAU_CAUTHU (MATRANDAU,MADOI,MACAUTHU,VITRIDA) values('T003','DATH','DATH05',N'Tiền đạo')
insert TRANDAU_CAUTHU (MATRANDAU,MADOI,MACAUTHU,VITRIDA) values('T003','DATH','DATH06',N'Tiền vệ')
insert TRANDAU_CAUTHU (MATRANDAU,MADOI,MACAUTHU,VITRIDA) values('T003','DATH','DATH07',N'Tiền vệ')
insert TRANDAU_CAUTHU (MATRANDAU,MADOI,MACAUTHU,VITRIDA) values('T003','DATH','DATH08',N'Hậu vệ')
insert TRANDAU_CAUTHU (MATRANDAU,MADOI,MACAUTHU,VITRIDA) values('T003','DATH','DATH09',N'Tiền vệ')
insert TRANDAU_CAUTHU (MATRANDAU,MADOI,MACAUTHU,VITRIDA) values('T003','DATH','DATH10',N'Tiền đạo')
insert TRANDAU_CAUTHU (MATRANDAU,MADOI,MACAUTHU,VITRIDA) values('T003','DATH','DATH11',N'Tiền vệ')

insert TRANDAU_CAUTHU (MATRANDAU,MADOI,MACAUTHU,VITRIDA) values('T003','HNFC','HNFC01',N'Hậu vệ')
insert TRANDAU_CAUTHU (MATRANDAU,MADOI,MACAUTHU,VITRIDA) values('T003','HNFC','HNFC02',N'Hậu vệ')
insert TRANDAU_CAUTHU (MATRANDAU,MADOI,MACAUTHU,VITRIDA) values('T003','HNFC','HNFC03',N'Tiền đạo')
insert TRANDAU_CAUTHU (MATRANDAU,MADOI,MACAUTHU,VITRIDA) values('T003','HNFC','HNFC04',N'Tiền đạo')
insert TRANDAU_CAUTHU (MATRANDAU,MADOI,MACAUTHU,VITRIDA) values('T003','HNFC','HNFC05',N'Tiền đạo')
insert TRANDAU_CAUTHU (MATRANDAU,MADOI,MACAUTHU,VITRIDA) values('T003','HNFC','HNFC06',N'Tiền vệ')
insert TRANDAU_CAUTHU (MATRANDAU,MADOI,MACAUTHU,VITRIDA) values('T003','HNFC','HNFC07',N'Tiền vệ')
insert TRANDAU_CAUTHU (MATRANDAU,MADOI,MACAUTHU,VITRIDA) values('T003','HNFC','HNFC08',N'Hậu vệ')
insert TRANDAU_CAUTHU (MATRANDAU,MADOI,MACAUTHU,VITRIDA) values('T003','HNFC','HNFC09',N'Tiền vệ')
insert TRANDAU_CAUTHU (MATRANDAU,MADOI,MACAUTHU,VITRIDA) values('T003','HNFC','HNFC10',N'Tiền đạo')
insert TRANDAU_CAUTHU (MATRANDAU,MADOI,MACAUTHU,VITRIDA) values('T003','HNFC','HNFC11',N'Tiền vệ')

insert TRANDAU_CAUTHU (MATRANDAU,MADOI,MACAUTHU,VITRIDA) values('T004','HNFC','HNFC01',N'Hậu vệ')
insert TRANDAU_CAUTHU (MATRANDAU,MADOI,MACAUTHU,VITRIDA) values('T004','HNFC','HNFC02',N'Hậu vệ')
insert TRANDAU_CAUTHU (MATRANDAU,MADOI,MACAUTHU,VITRIDA) values('T004','HNFC','HNFC03',N'Tiền đạo')
insert TRANDAU_CAUTHU (MATRANDAU,MADOI,MACAUTHU,VITRIDA) values('T004','HNFC','HNFC04',N'Tiền đạo')
insert TRANDAU_CAUTHU (MATRANDAU,MADOI,MACAUTHU,VITRIDA) values('T004','HNFC','HNFC05',N'Tiền đạo')
insert TRANDAU_CAUTHU (MATRANDAU,MADOI,MACAUTHU,VITRIDA) values('T004','HNFC','HNFC06',N'Tiền vệ')
insert TRANDAU_CAUTHU (MATRANDAU,MADOI,MACAUTHU,VITRIDA) values('T004','HNFC','HNFC07',N'Tiền vệ')
insert TRANDAU_CAUTHU (MATRANDAU,MADOI,MACAUTHU,VITRIDA) values('T004','HNFC','HNFC08',N'Hậu vệ')
insert TRANDAU_CAUTHU (MATRANDAU,MADOI,MACAUTHU,VITRIDA) values('T004','HNFC','HNFC09',N'Tiền vệ')
insert TRANDAU_CAUTHU (MATRANDAU,MADOI,MACAUTHU,VITRIDA) values('T004','HNFC','HNFC10',N'Tiền đạo')
insert TRANDAU_CAUTHU (MATRANDAU,MADOI,MACAUTHU,VITRIDA) values('T004','HNFC','HNFC11',N'Tiền vệ')

insert TRANDAU_CAUTHU (MATRANDAU,MADOI,MACAUTHU,VITRIDA) values('T004','HPFC','HPFC01',N'Hậu vệ')
insert TRANDAU_CAUTHU (MATRANDAU,MADOI,MACAUTHU,VITRIDA) values('T004','HPFC','HPFC02',N'Hậu vệ')
insert TRANDAU_CAUTHU (MATRANDAU,MADOI,MACAUTHU,VITRIDA) values('T004','HPFC','HPFC03',N'Tiền đạo')
insert TRANDAU_CAUTHU (MATRANDAU,MADOI,MACAUTHU,VITRIDA) values('T004','HPFC','HPFC04',N'Tiền đạo')
insert TRANDAU_CAUTHU (MATRANDAU,MADOI,MACAUTHU,VITRIDA) values('T004','HPFC','HPFC05',N'Tiền đạo')
insert TRANDAU_CAUTHU (MATRANDAU,MADOI,MACAUTHU,VITRIDA) values('T004','HPFC','HPFC06',N'Tiền vệ')
insert TRANDAU_CAUTHU (MATRANDAU,MADOI,MACAUTHU,VITRIDA) values('T004','HPFC','HPFC07',N'Tiền vệ')
insert TRANDAU_CAUTHU (MATRANDAU,MADOI,MACAUTHU,VITRIDA) values('T004','HPFC','HPFC08',N'Hậu vệ')
insert TRANDAU_CAUTHU (MATRANDAU,MADOI,MACAUTHU,VITRIDA) values('T004','HPFC','HPFC09',N'Tiền vệ')
insert TRANDAU_CAUTHU (MATRANDAU,MADOI,MACAUTHU,VITRIDA) values('T004','HPFC','HPFC10',N'Tiền đạo')
insert TRANDAU_CAUTHU (MATRANDAU,MADOI,MACAUTHU,VITRIDA) values('T004','HPFC','HPFC11',N'Tiền vệ')

insert TRANDAU_CAUTHU (MATRANDAU,MADOI,MACAUTHU,VITRIDA) values('T005','HPFC','HPFC01',N'Hậu vệ')
insert TRANDAU_CAUTHU (MATRANDAU,MADOI,MACAUTHU,VITRIDA) values('T005','HPFC','HPFC02',N'Hậu vệ')
insert TRANDAU_CAUTHU (MATRANDAU,MADOI,MACAUTHU,VITRIDA) values('T005','HPFC','HPFC03',N'Tiền đạo')
insert TRANDAU_CAUTHU (MATRANDAU,MADOI,MACAUTHU,VITRIDA) values('T005','HPFC','HPFC04',N'Tiền đạo')
insert TRANDAU_CAUTHU (MATRANDAU,MADOI,MACAUTHU,VITRIDA) values('T005','HPFC','HPFC05',N'Tiền đạo')
insert TRANDAU_CAUTHU (MATRANDAU,MADOI,MACAUTHU,VITRIDA) values('T005','HPFC','HPFC06',N'Tiền vệ')
insert TRANDAU_CAUTHU (MATRANDAU,MADOI,MACAUTHU,VITRIDA) values('T005','HPFC','HPFC07',N'Tiền vệ')
insert TRANDAU_CAUTHU (MATRANDAU,MADOI,MACAUTHU,VITRIDA) values('T005','HPFC','HPFC08',N'Hậu vệ')
insert TRANDAU_CAUTHU (MATRANDAU,MADOI,MACAUTHU,VITRIDA) values('T005','HPFC','HPFC09',N'Tiền vệ')
insert TRANDAU_CAUTHU (MATRANDAU,MADOI,MACAUTHU,VITRIDA) values('T005','HPFC','HPFC10',N'Tiền đạo')
insert TRANDAU_CAUTHU (MATRANDAU,MADOI,MACAUTHU,VITRIDA) values('T005','HPFC','HPFC11',N'Tiền vệ')

insert TRANDAU_CAUTHU (MATRANDAU,MADOI,MACAUTHU,VITRIDA) values('T005','HAGL','HAGL01',N'Hậu vệ')
insert TRANDAU_CAUTHU (MATRANDAU,MADOI,MACAUTHU,VITRIDA) values('T005','HAGL','HAGL02',N'Hậu vệ')
insert TRANDAU_CAUTHU (MATRANDAU,MADOI,MACAUTHU,VITRIDA) values('T005','HAGL','HAGL03',N'Tiền đạo')
insert TRANDAU_CAUTHU (MATRANDAU,MADOI,MACAUTHU,VITRIDA) values('T005','HAGL','HAGL04',N'Tiền đạo')
insert TRANDAU_CAUTHU (MATRANDAU,MADOI,MACAUTHU,VITRIDA) values('T005','HAGL','HAGL05',N'Tiền đạo')
insert TRANDAU_CAUTHU (MATRANDAU,MADOI,MACAUTHU,VITRIDA) values('T005','HAGL','HAGL06',N'Tiền vệ')
insert TRANDAU_CAUTHU (MATRANDAU,MADOI,MACAUTHU,VITRIDA) values('T005','HAGL','HAGL07',N'Tiền vệ')
insert TRANDAU_CAUTHU (MATRANDAU,MADOI,MACAUTHU,VITRIDA) values('T005','HAGL','HAGL08',N'Hậu vệ')
insert TRANDAU_CAUTHU (MATRANDAU,MADOI,MACAUTHU,VITRIDA) values('T005','HAGL','HAGL09',N'Tiền vệ')
insert TRANDAU_CAUTHU (MATRANDAU,MADOI,MACAUTHU,VITRIDA) values('T005','HAGL','HAGL10',N'Tiền đạo')
insert TRANDAU_CAUTHU (MATRANDAU,MADOI,MACAUTHU,VITRIDA) values('T005','HAGL','HAGL11',N'Tiền vệ')

insert TRANDAU_CAUTHU (MATRANDAU,MADOI,MACAUTHU,VITRIDA) values('T006','HAGL','HAGL01',N'Hậu vệ')
insert TRANDAU_CAUTHU (MATRANDAU,MADOI,MACAUTHU,VITRIDA) values('T006','HAGL','HAGL02',N'Hậu vệ')
insert TRANDAU_CAUTHU (MATRANDAU,MADOI,MACAUTHU,VITRIDA) values('T006','HAGL','HAGL03',N'Tiền đạo')
insert TRANDAU_CAUTHU (MATRANDAU,MADOI,MACAUTHU,VITRIDA) values('T006','HAGL','HAGL04',N'Tiền đạo')
insert TRANDAU_CAUTHU (MATRANDAU,MADOI,MACAUTHU,VITRIDA) values('T006','HAGL','HAGL05',N'Tiền đạo')
insert TRANDAU_CAUTHU (MATRANDAU,MADOI,MACAUTHU,VITRIDA) values('T006','HAGL','HAGL06',N'Tiền vệ')
insert TRANDAU_CAUTHU (MATRANDAU,MADOI,MACAUTHU,VITRIDA) values('T006','HAGL','HAGL07',N'Tiền vệ')
insert TRANDAU_CAUTHU (MATRANDAU,MADOI,MACAUTHU,VITRIDA) values('T006','HAGL','HAGL08',N'Hậu vệ')
insert TRANDAU_CAUTHU (MATRANDAU,MADOI,MACAUTHU,VITRIDA) values('T006','HAGL','HAGL09',N'Tiền vệ')
insert TRANDAU_CAUTHU (MATRANDAU,MADOI,MACAUTHU,VITRIDA) values('T006','HAGL','HAGL10',N'Tiền đạo')
insert TRANDAU_CAUTHU (MATRANDAU,MADOI,MACAUTHU,VITRIDA) values('T006','HAGL','HAGL11',N'Tiền vệ')

insert TRANDAU_CAUTHU (MATRANDAU,MADOI,MACAUTHU,VITRIDA) values('T006','BBD','BBD01',N'Hậu vệ')
insert TRANDAU_CAUTHU (MATRANDAU,MADOI,MACAUTHU,VITRIDA) values('T006','BBD','BBD02',N'Hậu vệ')
insert TRANDAU_CAUTHU (MATRANDAU,MADOI,MACAUTHU,VITRIDA) values('T006','BBD','BBD03',N'Tiền đạo')
insert TRANDAU_CAUTHU (MATRANDAU,MADOI,MACAUTHU,VITRIDA) values('T006','BBD','BBD04',N'Tiền đạo')
insert TRANDAU_CAUTHU (MATRANDAU,MADOI,MACAUTHU,VITRIDA) values('T006','BBD','BBD05',N'Tiền đạo')
insert TRANDAU_CAUTHU (MATRANDAU,MADOI,MACAUTHU,VITRIDA) values('T006','BBD','BBD06',N'Tiền vệ')
insert TRANDAU_CAUTHU (MATRANDAU,MADOI,MACAUTHU,VITRIDA) values('T006','BBD','BBD07',N'Tiền vệ')
insert TRANDAU_CAUTHU (MATRANDAU,MADOI,MACAUTHU,VITRIDA) values('T006','BBD','BBD08',N'Hậu vệ')
insert TRANDAU_CAUTHU (MATRANDAU,MADOI,MACAUTHU,VITRIDA) values('T006','BBD','BBD09',N'Tiền vệ')
insert TRANDAU_CAUTHU (MATRANDAU,MADOI,MACAUTHU,VITRIDA) values('T006','BBD','BBD10',N'Tiền đạo')
insert TRANDAU_CAUTHU (MATRANDAU,MADOI,MACAUTHU,VITRIDA) values('T006','BBD','BBD11',N'Tiền vệ')

insert TRANDAU_BANTHANG(MATRANDAU,MACAUTHU,THOIGIAN,GHICHU) values ('T002','CAHN09','00:32:46',null)
insert TRANDAU_BANTHANG(MATRANDAU,MACAUTHU,THOIGIAN,GHICHU) values ('T002','CAHN09','00:50:41',null)

insert TRANDAU_BANTHANG(MATRANDAU,MACAUTHU,THOIGIAN,GHICHU) values('T003','HNFC08','00:10:46',null)
insert TRANDAU_BANTHANG(MATRANDAU,MACAUTHU,THOIGIAN,GHICHU) values('T003','DATH10','00:20:26',null)

insert TRANDAU_BANTHANG(MATRANDAU,MACAUTHU,THOIGIAN,GHICHU) values ('T004','HNFC05','00:12:32',null)
insert TRANDAU_BANTHANG(MATRANDAU,MACAUTHU,THOIGIAN,GHICHU) values ('T004','HNFC09','00:34:11',null)
insert TRANDAU_BANTHANG(MATRANDAU,MACAUTHU,THOIGIAN,GHICHU) values ('T004','HNFC08','00:50:42',null)
insert TRANDAU_BANTHANG(MATRANDAU,MACAUTHU,THOIGIAN,GHICHU) values ('T004','HPFC10','00:24:21',null)
insert TRANDAU_BANTHANG(MATRANDAU,MACAUTHU,THOIGIAN,GHICHU) values ('T004','HPFC08','00:55:22',null)

insert TRANDAU_BANTHANG(MATRANDAU,MACAUTHU,THOIGIAN,GHICHU) values('T005','HPFC08','00:10:46',null)
insert TRANDAU_BANTHANG(MATRANDAU,MACAUTHU,THOIGIAN,GHICHU) values('T005','HPFC04','00:20:26',null)
insert TRANDAU_BANTHANG(MATRANDAU,MACAUTHU,THOIGIAN,GHICHU) values('T005','HAGL08','00:31:26',null)

insert TRANDAU_BANTHANG(MATRANDAU,MACAUTHU,THOIGIAN,GHICHU) values('T006','HAGL07','00:41:28',null)

insert TRANDAU_THE(MATRANDAU,MACAUTHU,THOIGIAN,LOAITHE,GHICHU) values ('T002','DATH02','00:21:21','Vang',null)
insert TRANDAU_THE(MATRANDAU,MACAUTHU,THOIGIAN,LOAITHE,GHICHU) values ('T002','DATH05','00:35:11','Vang',null)
insert TRANDAU_THE(MATRANDAU,MACAUTHU,THOIGIAN,LOAITHE,GHICHU) values('T002','CAHN10','00:32:22','Vang',null)
insert TRANDAU_THE(MATRANDAU,MACAUTHU,THOIGIAN,LOAITHE,GHICHU) values ('T002','DATH07','00:51:21','Vang',null)
insert TRANDAU_THE(MATRANDAU,MACAUTHU,THOIGIAN,LOAITHE,GHICHU) values ('T003','HNFC10','00:25:11','Vang',null)
insert TRANDAU_THE(MATRANDAU,MACAUTHU,THOIGIAN,LOAITHE,GHICHU) values('T003','HNFC06','00:33:22',   'Do',null)
insert TRANDAU_THE(MATRANDAU,MACAUTHU,THOIGIAN,LOAITHE,GHICHU) values ('T004','HNFC02','00:21:21','Vang',null)
insert TRANDAU_THE(MATRANDAU,MACAUTHU,THOIGIAN,LOAITHE,GHICHU) values ('T004','HPFC05','00:35:11','Vang',null)
insert TRANDAU_THE(MATRANDAU,MACAUTHU,THOIGIAN,LOAITHE,GHICHU) values('T004','HPFC10','00:32:22','Vang',null)
insert TRANDAU_THE(MATRANDAU,MACAUTHU,THOIGIAN,LOAITHE,GHICHU) values ('T004','HPFC02','00:21:21','Do',null)
insert TRANDAU_THE(MATRANDAU,MACAUTHU,THOIGIAN,LOAITHE,GHICHU) values ('T005','HPFC05','00:35:11','Vang',null)
insert TRANDAU_THE(MATRANDAU,MACAUTHU,THOIGIAN,LOAITHE,GHICHU) values('T005','HPFC10','00:32:22','Vang',null)
insert TRANDAU_THE(MATRANDAU,MACAUTHU,THOIGIAN,LOAITHE,GHICHU) values ('T006','HAGL02','00:21:21','Vang',null)
insert TRANDAU_THE(MATRANDAU,MACAUTHU,THOIGIAN,LOAITHE,GHICHU) values ('T006','HAGL05','00:35:11','Do',null)
insert TRANDAU_THE(MATRANDAU,MACAUTHU,THOIGIAN,LOAITHE,GHICHU) values('T006','CAHN10','00:32:22','Vang',null)